<?xml version="1.0" encoding="UTF-8"?>

<!DOCTYPE struts PUBLIC
        "-//Apache Software Foundation//DTD Struts Configuration 2.5//EN"
        "http://struts.apache.org/dtds/struts-2.5.dtd">

<struts>
    <!-- devMode equals debug information and reload everything for every request -->
    <constant name="struts.devMode" value="true" />
    <constant name="struts.ui.theme" value="simple" />

    <package name="iVotas" extends="struts-default">

        <default-action-ref name="index" />

        <global-results>
            <result name="error" type="redirect">/pages/error.jsp</result>
        </global-results>

        <!-- all exceptions not caught by the application will lead to error.jsp -->
        <global-exception-mappings>
            <exception-mapping exception="java.lang.Exception" result="error" />
        </global-exception-mappings>

        <!-- 'index' action leads to the view provided by index.jsp -->
        <action name="index">
            <result>/index.jsp</result>
        </action>

        <!-- 'login' action calls 'execute' in 'LoginAction' -->
        <action name="login" class="iVotas.Action.LoginAction" method="execute">
            <result name="success">/hey.jsp</result>
            <result name="login">/index.jsp</result>
            <result name="administrador" type="redirect">/pages/menu.jsp</result>
        </action>

        <action name="b1">
            <result>/pages/menu.jsp</result>
        </action>

        <action name="cancelar">
            <result>/pages/menu.jsp</result>
        </action>

        <action name="button1">
            <result>/pages/registar.jsp</result>
        </action>

        <action name="button2">
            <result>/pages/gerirDep.jsp</result>
        </action>

        <action name="button3">
            <result>/pages/criarEleicao.jsp</result>
        </action>

        <action name="button4">
            <result>/pages/dadosEle.jsp</result>
        </action>
        <action name="button10">
            <result>/pages/dadosPas.jsp</result>
        </action>

        <!-- 'registar' action calls 'execute' in 'RegistarAction' -->
        <action name="registar" class="iVotas.Action.RegistarAction" method="execute">
            <result name="success">/hey.jsp</result>
            <result name="login">/pages/error.jsp</result>
        </action>

        <!-- 'gerirDep' action calls 'execute' in 'DepartamentoAction' -->
        <action name="departamento" class="iVotas.Action.DepartamentoAction" method="execute">
            <result name="success">/pages/menu.jsp</result>
            <result name="error">/pages/gerirDep.jsp</result>
        </action>

        <action name="criarEle" class="iVotas.Action.CriaEleicaoAction" method="execute">
            <result name="success">/pages/menu.jsp</result>
            <result name="error">/pages/criarEleicao.jsp</result>
        </action>

        <action name="dados" class="iVotas.Action.DadosAction" method="execute">
            <result name="success">/pages/dadosEle.jsp</result>
            <result name="error">/pages/dadosEle.jsp</result>
        </action>

        <action name="dadosPassados" class="iVotas.Action.DadosPassadosAction" method="execute">
            <result name="success">/pages/dadosPas.jsp</result>
            <result name="error">/pages/dadosPas.jsp</result>
        </action>




    </package>
</struts>